1, 845, 845.0, 0.03, 
2, 370, 607.5, 0.07, 
3, 1380, 865.0, 0.09, 
4, -1120, 368.75, 0.23, 
5, 280, 351.0, 0.25, 
6, 470, 370.8333333333333, 0.38, 
7, -150, 296.42857142857144, 0.53, 
8, 750, 353.125, 0.55, 
9, 715, 393.3333333333333, 0.62, 
10, 870, 441.0, 0.64, 
11, 390, 436.3636363636364, 0.7, 
12, -900, 325.0, 0.84, 
13, -130, 290.0, 0.99, 
14, 1345, 365.35714285714283, 1.02, 
15, 1240, 423.6666666666667, 1.05, 
16, 130, 405.3125, 1.14, 
17, 610, 417.3529411764706, 1.21, 
18, 800, 438.6111111111111, 1.26, 
19, 835, 459.4736842105263, 1.33, 
20, -105, 431.25, 1.41, 
21, 110, 415.95238095238096, 1.48, 
22, -100, 392.5, 1.61, 
23, 370, 391.5217391304348, 1.65, 
24, -130, 369.7916666666667, 1.74, 
25, 705, 383.2, 1.83, 
26, -620, 344.61538461538464, 1.96, 
27, 530, 351.48148148148147, 2.04, 
28, 460, 355.35714285714283, 2.09, 
29, 325, 354.3103448275862, 2.15, 
30, 790, 368.8333333333333, 2.21, 
31, -170, 351.4516129032258, 2.31, 
32, -195, 334.375, 2.43, 
33, 1490, 369.3939393939394, 2.46, 
34, 690, 378.8235294117647, 2.53, 
35, 275, 375.85714285714283, 2.6, 
36, 655, 383.6111111111111, 2.67, 
37, -195, 367.97297297297297, 2.72, 
38, 1090, 386.9736842105263, 2.77, 
39, 385, 386.9230769230769, 2.85, 
40, 915, 400.125, 2.92, 
41, -185, 385.8536585365854, 3.05, 
42, 60, 378.0952380952381, 3.09, 
43, 345, 377.3255813953488, 3.14, 
44, 420, 378.29545454545456, 3.2, 
45, 1230, 397.22222222222223, 3.23, 
46, 835, 406.7391304347826, 3.28, 
47, -840, 380.21276595744683, 3.43, 
48, 750, 387.9166666666667, 3.5, 
49, -220, 375.51020408163265, 3.59, 
50, 905, 386.1, 3.66, 
51, 1250, 394.2, 3.68, 
52, 320, 393.2, 3.77, 
53, 325, 372.1, 3.8, 
54, 130, 397.1, 3.86, 
55, 760, 406.7, 3.92, 
56, 750, 412.3, 3.96, 
57, -440, 406.5, 4.06, 
58, -750, 376.5, 4.19, 
59, -900, 344.2, 4.32, 
60, 1035, 347.5, 4.37, 
61, 1460, 368.9, 4.42, 
62, 330, 393.5, 4.49, 
63, 490, 405.9, 4.56, 
64, 200, 383.0, 4.66, 
65, 545, 369.1, 4.71, 
66, 375, 374.0, 4.79, 
67, 1085, 383.5, 4.82, 
68, 640, 380.3, 4.85, 
69, 1175, 387.1, 4.9, 
70, 625, 401.7, 4.97, 
71, -195, 395.6, 5.09, 
72, 725, 412.1, 5.11, 
73, -190, 400.9, 5.14, 
74, 235, 408.2, 5.16, 
75, 985, 413.8, 5.21, 
76, -745, 411.3, 5.34, 
77, 1190, 424.5, 5.35, 
78, -545, 404.4, 5.48, 
79, 590, 409.7, 5.55, 
80, 825, 410.4, 5.6, 
81, -925, 395.3, 5.71, 
82, -565, 387.9, 5.84, 
83, 795, 374.0, 5.88, 
84, 1050, 381.2, 5.92, 
85, 470, 385.1, 5.95, 
86, 495, 381.9, 6.03, 
87, 330, 392.4, 6.1, 
88, 1585, 402.3, 6.14, 
89, 1310, 420.8, 6.18, 
90, 600, 414.5, 6.22, 
91, 490, 428.0, 6.26, 
92, 45, 427.7, 6.31, 
93, 850, 437.8, 6.33, 
94, 1235, 454.1, 6.36, 
95, 60, 430.7, 6.46, 
96, 1005, 434.1, 6.49, 
97, 295, 456.8, 6.52, 
98, 405, 449.9, 6.55, 
99, 500, 464.3, 6.64, 
100, -930, 427.6, 6.77, 
101, -590, 390.8, 6.9, 
102, 465, 393.7, 6.92, 
103, 865, 404.5, 6.95, 
104, 1200, 425.9, 6.98, 
105, -85, 409.0, 7.07, 
106, -390, 386.2, 7.16, 
107, 670, 408.4, 7.2, 
108, 955, 442.5, 7.23, 
109, -570, 449.1, 7.36, 
110, -485, 418.7, 7.44, 
111, 655, 402.6, 7.52, 
112, -215, 391.7, 7.63, 
113, 930, 400.5, 7.69, 
114, 850, 413.5, 7.71, 
115, 1000, 422.6, 7.76, 
116, 1005, 435.2, 7.82, 
117, -1080, 391.9, 7.95, 
118, -1220, 354.7, 8.08, 
119, 515, 341.5, 8.13, 
120, 1280, 354.6, 8.16, 
121, -300, 352.5, 8.25, 
122, 580, 349.6, 8.29, 
123, -380, 345.8, 8.39, 
124, 280, 346.7, 8.43, 
125, 105, 329.1, 8.49, 
126, 760, 359.2, 8.54, 
127, -565, 324.1, 8.64, 
128, -715, 320.7, 8.74, 
129, -380, 301.3, 8.87, 
130, 690, 298.6, 8.91, 
131, -75, 315.6, 9.01, 
132, 940, 345.7, 9.07, 
133, 1150, 352.8, 9.1, 
134, -620, 319.4, 9.22, 
135, 1340, 336.8, 9.23, 
136, 125, 329.4, 9.25, 
137, -55, 321.7, 9.36, 
138, -70, 288.6, 9.49, 
139, 945, 281.3, 9.53, 
140, 585, 281.0, 9.55, 
141, 1065, 292.5, 9.62, 
142, 880, 309.2, 9.64, 
143, 1180, 315.8, 9.68, 
144, 100, 293.1, 9.73, 
145, 965, 311.2, 9.78, 
146, -150, 288.1, 9.89, 
147, 115, 284.5, 9.95, 
148, 1065, 297.7, 9.97, 
149, -930, 269.1, 10.11, 
150, 980, 307.3, 10.13, 
151, -290, 313.3, 10.24, 
152, 1375, 331.5, 10.27, 
153, 290, 320.0, 10.33, 
154, -570, 284.6, 10.46, 
155, 1415, 314.6, 10.49, 
156, 570, 333.8, 10.54, 
157, -470, 311.0, 10.67, 
158, 285, 297.6, 10.7, 
159, 360, 316.2, 10.77, 
160, 475, 335.4, 10.84, 
161, 480, 331.9, 10.89, 
162, 395, 344.1, 10.92, 
163, 1260, 350.7, 10.97, 
164, 865, 351.0, 11.0, 
165, 225, 335.5, 11.08, 
166, 810, 331.6, 11.1, 
167, 860, 370.4, 11.14, 
168, -130, 392.2, 11.27, 
169, -930, 363.3, 11.4, 
170, 185, 341.4, 11.43, 
171, 265, 352.7, 11.48, 
172, -445, 332.2, 11.59, 
173, 870, 357.2, 11.65, 
174, 710, 365.8, 11.7, 
175, 305, 369.8, 11.72, 
176, 850, 371.6, 11.75, 
177, 1030, 403.5, 11.78, 
178, -730, 403.2, 11.91, 
179, 425, 419.3, 11.94, 
180, 760, 420.7, 11.97, 
181, 165, 425.5, 12.0, 
182, -115, 404.4, 12.09, 
183, 795, 397.3, 12.11, 
184, -410, 401.5, 12.23, 
185, 205, 378.8, 12.31, 
186, 470, 385.7, 12.39, 
187, 855, 403.9, 12.41, 
188, 80, 406.9, 12.48, 
189, 1135, 410.7, 12.52, 
190, 140, 401.8, 12.58, 
191, 1360, 407.7, 12.61, 
192, -615, 377.8, 12.72, 
193, 360, 361.4, 12.74, 
194, 950, 378.4, 12.76, 
195, 200, 363.1, 12.86, 
196, 420, 374.5, 12.89, 
197, 470, 381.6, 12.93, 
198, 210, 364.5, 13.01, 
199, 825, 399.6, 13.07, 
200, 570, 391.4, 13.12, 72130
201, 460, 406.4, 17.37, 
202, 485, 388.6, 17.46, 
203, 400, 390.8, 17.56, 
204, 505, 412.3, 17.59, 
205, 605, 396.1, 17.61, 
206, 1360, 411.9, 17.64, 
207, 90, 423.1, 17.74, 
208, 1125, 439.9, 17.76, 
209, 595, 444.6, 17.78, 
210, 515, 445.4, 17.83, 
211, 1560, 467.0, 17.84, 
212, 1090, 480.9, 17.9, 
213, -455, 446.6, 17.99, 
214, 670, 442.7, 18.03, 
215, -900, 420.2, 18.16, 
216, 295, 409.9, 18.21, 
217, 500, 402.7, 18.25, 
218, 790, 421.1, 18.29, 
219, -190, 435.9, 18.36, 
220, 790, 448.0, 18.41, 
221, 410, 450.9, 18.44, 
222, 605, 471.9, 18.49, 
223, 1260, 479.7, 18.52, 
224, -1070, 444.1, 18.65, 
225, 345, 444.9, 18.71, 
226, 980, 447.5, 18.74, 
227, 735, 441.6, 18.8, 
228, 95, 458.1, 18.85, 
229, 765, 464.9, 18.88, 
230, 1250, 474.7, 18.92, 
231, -1470, 442.0, 19.04, 
232, 165, 447.6, 19.07, 
233, 245, 436.6, 19.15, 
234, 90, 446.6, 19.2, 
235, 830, 459.1, 19.23, 
236, 770, 465.1, 19.29, 
237, 940, 466.8, 19.33, 
238, 1065, 486.5, 19.38, 
239, -365, 456.5, 19.48, 
240, 220, 458.1, 19.53, 
241, 710, 445.1, 19.57, 
242, 310, 463.6, 19.63, 
243, 905, 474.5, 19.69, 
244, 540, 466.3, 19.72, 
245, 1080, 483.9, 19.77, 
246, 445, 484.4, 19.79, 
247, 1150, 498.0, 19.81, 
248, -325, 487.3, 19.9, 
249, 780, 486.4, 19.92, 
250, 75, 476.5, 19.97, 
251, -190, 463.5, 20.07, 
252, -15, 453.5, 20.12, 
253, 1130, 468.1, 20.16, 
254, -280, 452.4, 20.25, 
255, 575, 451.8, 20.29, 
256, 1005, 444.7, 20.32, 
257, -640, 430.1, 20.45, 
258, 80, 409.2, 20.5, 
259, 515, 407.6, 20.54, 
260, 790, 413.1, 20.58, 
261, 790, 397.7, 20.62, 
262, 885, 393.6, 20.65, 
263, 1260, 427.9, 20.67, 
264, 820, 430.9, 20.71, 
265, -490, 439.1, 20.84, 
266, 1245, 458.1, 20.87, 
267, 1340, 474.9, 20.9, 
268, 440, 467.9, 20.99, 
269, 375, 479.2, 21.05, 
270, -800, 447.4, 21.16, 
271, 430, 447.8, 21.23, 
272, 1155, 458.8, 21.26, 
273, 1100, 455.6, 21.29, 
274, 725, 491.5, 21.32, 
275, 1050, 505.6, 21.35, 
276, 700, 500.0, 21.37, 
277, 845, 502.2, 21.42, 
278, 440, 509.1, 21.46, 
279, 860, 511.0, 21.51, 
280, -20, 485.6, 21.59, 
281, 1180, 538.6, 21.6, 
282, -435, 526.6, 21.69, 
283, -480, 512.1, 21.77, 
284, 85, 512.0, 21.87, 
285, 170, 498.8, 21.94, 
286, 1080, 505.0, 21.96, 
287, -1160, 463.0, 22.09, 
288, 810, 457.9, 22.14, 
289, 140, 468.0, 22.21, 
290, 195, 467.5, 22.27, 
291, 590, 465.1, 22.3, 
292, 115, 461.2, 22.35, 
293, -80, 441.5, 22.45, 
294, 60, 431.9, 22.47, 
295, -920, 391.9, 22.59, 
296, 610, 395.2, 22.62, 
297, 1030, 392.8, 22.63, 
298, 945, 418.2, 22.65, 
299, -345, 395.7, 22.75, 
300, 1245, 419.1, 22.8, 
301, 1215, 447.2, 22.84, 
302, 1025, 468.0, 22.88, 
303, -215, 441.1, 23.03, 
304, 1195, 470.6, 23.06, 
305, 395, 467.0, 23.13, 
306, 1030, 467.5, 23.17, 
307, -380, 472.7, 23.29, 
308, 510, 481.3, 23.31, 
309, 160, 474.2, 23.38, 
310, -1020, 438.0, 23.53, 
311, 1410, 450.4, 23.57, 
312, 1075, 454.2, 23.6, 
313, -95, 427.1, 23.69, 
314, 1205, 434.8, 23.72, 
315, 320, 451.0, 23.79, 
316, 295, 432.0, 23.8, 
317, -355, 398.1, 23.87, 
318, 1300, 415.3, 23.9, 
319, 305, 413.9, 23.93, 
320, 1245, 454.8, 23.96, 
321, 1050, 467.2, 24.0, 
322, 830, 460.7, 24.04, 
323, 45, 439.6, 24.16, 
324, 745, 440.0, 24.23, 
325, 845, 435.9, 24.26, 
326, 80, 423.5, 24.32, 
327, 205, 410.7, 24.39, 
328, 885, 419.6, 24.42, 
329, 520, 412.8, 24.45, 
330, -415, 404.9, 24.52, 
331, 1070, 402.7, 24.56, 
332, 515, 421.7, 24.62, 
333, 1305, 457.4, 24.65, 
334, -990, 435.9, 24.79, 
335, 800, 448.5, 24.82, 
336, 355, 434.0, 24.86, 
337, 650, 470.2, 24.9, 
338, -870, 436.6, 25.04, 
339, 590, 445.6, 25.06, 
340, -960, 422.5, 25.2, 
341, 1005, 430.8, 25.23, 
342, 130, 431.1, 25.32, 
343, 1150, 455.7, 25.34, 
344, -65, 453.2, 25.4, 
345, 505, 481.7, 25.46, 
346, -1020, 449.1, 25.6, 
347, 1100, 450.5, 25.64, 
348, 600, 443.6, 25.68, 
349, 575, 462.0, 25.74, 
350, -200, 433.1, 25.81, 
351, 540, 419.6, 25.84, 
352, 410, 407.3, 25.88, 
353, 1075, 433.1, 25.9, 
354, 285, 414.9, 25.96, 
355, -40, 406.2, 26.04, 
356, 585, 397.3, 26.08, 
357, 330, 411.5, 26.15, 
358, 15, 401.6, 26.21, 
359, 1300, 424.4, 26.22, 
360, -105, 442.7, 26.25, 
361, 520, 424.9, 26.31, 
362, 1065, 424.7, 26.35, 
363, 355, 433.7, 26.41, 
364, 435, 418.3, 26.47, 
365, 1090, 433.7, 26.48, 
366, -10, 427.6, 26.6, 
367, 445, 443.6, 26.63, 
368, 530, 428.2, 26.67, 
369, 220, 426.5, 26.71, 
370, -515, 391.3, 26.82, 
371, 720, 384.7, 26.89, 
372, 240, 372.9, 26.97, 
373, 1320, 398.4, 27.0, 
374, -490, 373.7, 27.13, 
375, -355, 349.7, 27.23, 
376, 145, 351.0, 27.29, 
377, -520, 336.5, 27.44, 
378, -145, 315.9, 27.54, 
379, 120, 307.9, 27.61, 
380, 1060, 337.4, 27.64, 
381, 990, 335.8, 27.68, 
382, 315, 331.8, 27.72, 
383, 1235, 330.4, 27.74, 
384, -600, 338.2, 27.85, 
385, 1160, 345.4, 27.87, 
386, 1155, 361.4, 27.89, 
387, 1125, 370.9, 27.9, 
388, 260, 393.5, 27.96, 
389, 1060, 402.9, 27.98, 
390, 765, 437.4, 28.02, 
391, 175, 420.8, 28.08, 
392, -180, 414.6, 28.16, 
393, 255, 396.7, 28.22, 
394, 1055, 419.1, 28.23, 
395, 615, 421.3, 28.28, 
396, 820, 458.1, 28.34, 
397, -805, 420.0, 28.38, 
398, 655, 421.1, 28.42, 
399, 410, 417.8, 28.45, 
400, 1175, 445.3, 28.47, -6530
401, 1515, 464.8, 32.4, 
402, 640, 469.4, 32.41, 
403, 755, 463.0, 32.45, 
404, -250, 452.3, 32.53, 
405, 1195, 477.0, 32.56, 
406, 205, 469.4, 32.59, 
407, 750, 477.8, 32.65, 
408, 925, 496.0, 32.7, 
409, 540, 480.8, 32.73, 
410, 580, 494.5, 32.78, 
411, 1305, 510.2, 32.8, 
412, 740, 503.7, 32.82, 
413, 950, 515.6, 32.84, 
414, -345, 500.0, 32.88, 
415, -670, 464.8, 33.0, 
416, 135, 467.7, 33.06, 
417, 20, 459.2, 33.19, 
418, 720, 463.0, 33.22, 
419, 1385, 486.3, 33.29, 
420, 770, 512.0, 33.34, 
421, 380, 505.2, 33.36, 
422, 800, 516.4, 33.4, 
423, -190, 486.2, 33.52, 
424, 335, 502.7, 33.55, 
425, -860, 492.6, 33.65, 
426, -715, 475.4, 33.78, 
427, 465, 495.1, 33.81, 
428, 700, 512.0, 33.88, 
429, 1115, 531.9, 33.9, 
430, 130, 513.3, 33.95, 
431, -305, 487.4, 34.01, 
432, 5, 481.2, 34.08, 
433, -255, 451.4, 34.14, 
434, 1195, 487.3, 34.16, 
435, -90, 462.3, 34.22, 
436, 710, 453.4, 34.26, 
437, -510, 420.7, 34.38, 
438, 475, 425.0, 34.42, 
439, 1140, 426.6, 34.48, 
440, 1245, 436.2, 34.52, 
441, 1280, 458.3, 34.56, 
442, 1180, 485.5, 34.59, 
443, 480, 490.0, 34.67, 
444, 1355, 496.0, 34.71, 
445, 540, 494.5, 34.73, 
446, 410, 486.3, 34.8, 
447, -700, 488.4, 34.92, 
448, 0, 475.3, 34.95, 
449, 150, 470.1, 34.99, 
450, 1115, 468.9, 35.03, 
451, 1300, 464.6, 35.06, 
452, 70, 453.2, 35.09, 
453, 915, 456.4, 35.11, 
454, -245, 456.5, 35.2, 
455, 125, 435.1, 35.22, 
456, 545, 441.9, 35.24, 
457, -920, 408.5, 35.36, 
458, 315, 396.3, 35.43, 
459, 760, 400.7, 35.46, 
460, 815, 405.4, 35.48, 
461, 235, 384.0, 35.53, 
462, 790, 385.0, 35.57, 
463, 355, 373.1, 35.6, 
464, 425, 388.5, 35.64, 
465, 440, 410.7, 35.67, 
466, 880, 425.6, 35.7, 
467, 1100, 447.2, 35.73, 
468, 265, 438.1, 35.8, 
469, 875, 427.9, 35.84, 
470, 1000, 432.5, 35.86, 
471, 1335, 451.6, 35.88, 
472, 440, 444.4, 35.9, 
473, -490, 438.4, 36.0, 
474, 845, 448.6, 36.02, 
475, 120, 468.2, 36.1, 
476, -210, 478.3, 36.22, 
477, 590, 480.8, 36.26, 
478, 1170, 490.2, 36.28, 
479, 180, 471.5, 36.33, 
480, 970, 488.3, 36.37, 
481, 545, 505.3, 36.4, 
482, 1140, 528.0, 36.43, 
483, -25, 532.6, 36.52, 
484, 690, 522.5, 36.57, 
485, 390, 532.1, 36.61, 
486, 875, 535.4, 36.62, 
487, 175, 549.1, 36.7, 
488, 860, 556.8, 36.74, 
489, 635, 546.7, 36.77, 
490, 905, 539.9, 36.79, 
491, 1385, 542.0, 36.83, 
492, 505, 528.5, 36.89, 
493, -80, 517.3, 36.97, 
494, 760, 505.4, 37.01, 
495, 375, 502.1, 37.04, 
496, 35, 494.6, 37.1, 
497, 390, 516.4, 37.14, 
498, 1490, 546.2, 37.18, 
499, 485, 552.9, 37.21, 
500, 705, 544.7, 37.26, 
501, 5, 518.8, 37.31, 
502, 720, 531.8, 37.33, 
503, 535, 524.2, 37.34, 
504, 535, 539.8, 37.4, 
505, 225, 541.8, 37.46, 
506, 605, 543.0, 37.49, 
507, 750, 576.4, 37.55, 
508, 300, 576.1, 37.64, 
509, 660, 574.1, 37.67, 
510, -1200, 533.8, 37.78, 
511, 1065, 550.4, 37.81, 
512, 1545, 565.5, 37.84, 
513, 725, 572.9, 37.89, 
514, 80, 566.0, 37.98, 
515, 190, 561.0, 38.01, 
516, -510, 533.2, 38.13, 
517, 485, 520.9, 38.18, 
518, 310, 521.8, 38.25, 
519, -85, 502.6, 38.33, 
520, -45, 481.7, 38.41, 
521, 1035, 475.7, 38.43, 
522, 770, 482.3, 38.45, 
523, 495, 502.0, 38.49, 
524, 575, 496.6, 38.52, 
525, 555, 505.3, 38.59, 
526, 820, 525.9, 38.62, 
527, -1100, 492.1, 38.75, 
528, 455, 477.8, 38.78, 
529, 735, 488.9, 38.79, 
530, 910, 487.7, 38.85, 
531, -1200, 452.8, 38.96, 
532, 960, 449.2, 39.01, 
533, 1120, 472.1, 39.04, 
534, 500, 468.3, 39.08, 
535, -200, 456.5, 39.16, 
536, 1185, 462.7, 39.21, 
537, -640, 446.4, 39.32, 
538, 215, 433.5, 39.36, 
539, 435, 429.5, 39.44, 
540, 960, 430.6, 39.47, 
541, 680, 416.5, 39.53, 
542, 1300, 432.4, 39.56, 
543, 185, 437.7, 39.57, 
544, 1015, 442.8, 39.59, 
545, 840, 452.1, 39.62, 
546, 130, 454.0, 39.7, 
547, 555, 457.3, 39.76, 
548, 900, 445.5, 39.81, 
549, 1015, 456.1, 39.85, 
550, 1660, 475.2, 39.87, 
551, 520, 485.5, 39.88, 
552, 230, 475.7, 39.92, 
553, 1510, 495.2, 39.93, 
554, 270, 489.9, 40.0, 
555, 710, 499.6, 40.06, 
556, -330, 480.9, 40.18, 
557, 470, 475.3, 40.25, 
558, -880, 451.7, 40.36, 
559, -285, 432.8, 40.45, 
560, 440, 465.6, 40.47, 
561, 195, 448.2, 40.54, 
562, 560, 428.5, 40.61, 
563, 165, 417.3, 40.67, 
564, 885, 433.4, 40.68, 
565, 95, 431.5, 40.75, 
566, 265, 447.0, 40.79, 
567, 590, 449.1, 40.83, 
568, 835, 459.6, 40.85, 
569, 395, 469.2, 40.89, 
570, 1215, 494.4, 40.93, 
571, 645, 486.6, 40.95, 
572, 690, 485.0, 40.98, 
573, -220, 470.7, 41.02, 
574, 400, 467.2, 41.06, 
575, 1500, 486.1, 41.09, 
576, -710, 455.5, 41.21, 
577, -945, 458.6, 41.34, 
578, 500, 459.5, 41.42, 
579, 605, 456.9, 41.49, 
580, 15, 439.0, 41.61, 
581, -1070, 441.6, 41.73, 
582, 860, 439.6, 41.74, 
583, -890, 399.4, 41.86, 
584, 515, 399.7, 41.92, 
585, 1040, 424.5, 41.93, 
586, 830, 417.4, 42.0, 
587, 480, 439.8, 42.04, 
588, 1005, 455.6, 42.07, 
589, 425, 455.4, 42.13, 
590, 395, 444.1, 42.15, 
591, -75, 429.0, 42.2, 
592, 530, 413.6, 42.27, 
593, 525, 420.4, 42.32, 
594, -430, 391.5, 42.43, 
595, -680, 361.1, 42.55, 
596, -350, 351.5, 42.61, 
597, 625, 352.9, 42.64, 
598, -630, 322.3, 42.75, 
599, -1450, 273.0, 42.87, 
600, 845, 256.7, 42.9, -4440
601, 410, 254.5, 47.2, 
602, 770, 265.3, 47.22, 
603, -130, 232.5, 47.31, 
604, -625, 214.6, 47.37, 
605, 575, 211.9, 47.39, 
606, 500, 228.5, 47.48, 
607, 1510, 249.3, 47.5, 
608, 525, 277.4, 47.55, 
609, 1340, 309.9, 47.57, 
610, 345, 308.0, 47.59, 
611, 470, 313.5, 47.66, 
612, 560, 313.5, 47.69, 
613, 680, 323.8, 47.72, 
614, 1085, 327.8, 47.74, 
615, -50, 324.9, 47.82, 
616, -55, 318.5, 47.92, 
617, 565, 318.0, 47.99, 
618, 850, 318.3, 48.04, 
619, 655, 323.5, 48.08, 
620, 415, 307.5, 48.13, 
621, -320, 288.2, 48.24, 
622, 1125, 296.9, 48.27, 
623, 840, 318.1, 48.32, 
624, -640, 297.3, 48.45, 
625, 560, 278.5, 48.5, 
626, 645, 305.6, 48.54, 
627, 1530, 355.1, 48.56, 
628, 970, 364.5, 48.58, 
629, 310, 358.6, 48.65, 
630, -765, 343.0, 48.74, 
631, 120, 366.8, 48.8, 
632, -200, 345.6, 48.87, 
633, 265, 368.7, 48.92, 
634, 615, 370.7, 48.97, 
635, -1200, 325.9, 49.08, 
636, 235, 314.0, 49.16, 
637, 370, 311.8, 49.18, 
638, -75, 290.2, 49.27, 
639, 985, 301.4, 49.29, 
640, 695, 307.4, 49.34, 
641, 530, 319.5, 49.36, 
642, 310, 315.1, 49.4, 
643, 1075, 326.1, 49.43, 
644, 35, 335.4, 49.48, 
645, -435, 340.3, 49.59, 
646, 800, 363.3, 49.63, 
647, 685, 364.5, 49.68, 
648, 940, 395.9, 49.7, 
649, 635, 437.6, 49.75, 
650, 1240, 445.5, 49.78, 
651, -70, 435.9, 49.86, 
652, 470, 429.9, 49.91, 
653, 535, 443.2, 49.96, 
654, 315, 462.0, 50.06, 
655, -80, 448.9, 50.12, 
656, 735, 453.6, 50.2, 
657, 1345, 450.3, 50.23, 
658, 285, 445.5, 50.25, 
659, -90, 416.9, 50.31, 
660, -735, 395.3, 50.42, 
661, -95, 384.0, 50.5, 
662, 1055, 393.9, 50.57, 
663, 1420, 408.7, 50.59, 
664, 140, 389.8, 50.64, 
665, 310, 397.0, 50.69, 
666, -1000, 378.1, 50.81, 
667, 1110, 389.0, 50.82, 
668, 1445, 400.9, 50.85, 
669, 930, 406.4, 50.88, 
670, 1030, 418.7, 50.9, 
671, 100, 427.1, 50.98, 
672, 1075, 426.1, 51.04, 
673, 575, 420.8, 51.09, 
674, -485, 423.9, 51.19, 
675, 1100, 434.7, 51.21, 
676, 1095, 443.7, 51.25, 
677, -430, 404.5, 51.34, 
678, 490, 394.9, 51.38, 
679, 1010, 408.9, 51.41, 
680, -980, 404.6, 51.53, 
681, -180, 398.6, 51.63, 
682, 575, 414.1, 51.69, 
683, 1030, 429.4, 51.72, 
684, 690, 430.9, 51.74, 
685, 1185, 478.6, 51.77, 
686, -120, 471.5, 51.89, 
687, 770, 479.5, 51.92, 
688, -840, 464.2, 52.05, 
689, -135, 441.8, 52.11, 
690, 1480, 457.5, 52.13, 
691, -780, 431.3, 52.25, 
692, 480, 434.7, 52.33, 
693, -160, 410.0, 52.44, 
694, 1015, 429.6, 52.46, 
695, 665, 451.6, 52.5, 
696, -1180, 412.0, 52.63, 
697, 885, 416.0, 52.67, 
698, 1260, 422.4, 52.7, 
699, 670, 423.1, 52.74, 
700, 695, 412.2, 52.78, 
701, 840, 430.4, 52.79, 
702, 1160, 444.2, 52.81, 
703, 985, 453.2, 52.84, 
704, 925, 465.4, 52.86, 
705, 620, 479.4, 52.9, 
706, 975, 484.2, 52.92, 
707, 1190, 481.1, 52.96, 
708, 640, 488.2, 52.99, 
709, 150, 493.0, 53.07, 
710, 695, 521.6, 53.11, 
711, -160, 520.3, 53.15, 
712, 1330, 525.8, 53.19, 
713, 245, 502.3, 53.24, 
714, -525, 489.0, 53.3, 
715, -630, 470.2, 53.42, 
716, 710, 504.4, 53.46, 
717, 115, 484.5, 53.52, 
718, 750, 470.6, 53.55, 
719, 330, 458.6, 53.58, 
720, 315, 444.3, 53.63, 
721, 145, 445.2, 53.67, 
722, 280, 429.3, 53.68, 
723, -595, 405.9, 53.79, 
724, 530, 426.2, 53.86, 
725, 475, 413.7, 53.92, 
726, -545, 380.9, 54.0, 
727, 1295, 415.4, 54.02, 
728, 1385, 433.3, 54.04, 
729, 205, 417.2, 54.1, 
730, 1150, 459.8, 54.12, 
731, 935, 482.1, 54.15, 
732, 665, 483.9, 54.18, 
733, -390, 455.5, 54.26, 
734, 1030, 462.3, 54.29, 
735, 585, 450.3, 54.32, 
736, -305, 446.6, 54.42, 
737, 785, 446.9, 54.45, 
738, 940, 482.5, 54.5, 
739, 915, 503.5, 54.51, 
740, 1025, 494.4, 54.54, 
741, -440, 501.2, 54.62, 
742, 915, 509.9, 54.67, 
743, -710, 498.9, 54.8, 
744, 570, 490.0, 54.86, 
745, 890, 494.5, 54.9, 
746, 915, 536.4, 54.95, 
747, 475, 528.2, 55.0, 
748, 365, 510.3, 55.02, 
749, 270, 502.3, 55.07, 
750, -380, 480.8, 55.2, 
751, -1015, 443.7, 55.32, 
752, -410, 412.3, 55.43, 
753, 355, 399.7, 55.46, 
754, 425, 389.7, 55.52, 
755, 1505, 407.4, 55.54, 
756, 455, 397.0, 55.59, 
757, 730, 387.8, 55.62, 
758, 700, 389.0, 55.69, 
759, 1285, 411.7, 55.71, 
760, -340, 391.0, 55.77, 
761, 850, 411.2, 55.82, 
762, 1290, 410.4, 55.86, 
763, 755, 420.6, 55.91, 
764, 800, 447.1, 55.98, 
765, 540, 470.5, 56.0, 
766, -1100, 434.3, 56.12, 
767, 450, 441.0, 56.2, 
768, 320, 432.4, 56.25, 
769, 395, 433.7, 56.27, 
770, 445, 436.3, 56.33, 
771, 830, 450.0, 56.38, 
772, -135, 441.7, 56.44, 
773, -495, 443.7, 56.52, 
774, 465, 442.4, 56.58, 
775, -30, 432.3, 56.65, 
776, 580, 454.8, 56.7, 
777, 1215, 453.2, 56.73, 
778, -650, 412.5, 56.85, 
779, -570, 397.0, 56.97, 
780, -190, 370.2, 57.06, 
781, 865, 368.8, 57.07, 
782, 1090, 377.3, 57.11, 
783, 825, 401.6, 57.15, 
784, -715, 366.7, 57.25, 
785, 580, 366.6, 57.3, 
786, 170, 376.1, 57.37, 
787, -650, 347.4, 57.49, 
788, 910, 346.8, 57.51, 
789, -285, 322.8, 57.61, 
790, 505, 312.4, 57.64, 
791, 615, 333.5, 57.69, 
792, 690, 329.0, 57.73, 
793, 375, 350.7, 57.78, 
794, 1035, 360.0, 57.8, 
795, 105, 344.3, 57.84, 
796, 305, 332.1, 57.86, 
797, 765, 337.9, 57.9, 
798, -1410, 302.4, 58.02, 
799, -820, 280.6, 58.15, 
800, 265, 293.5, 58.19, 172000
801, -690, 300.0, 62.16, 
802, 660, 321.4, 62.18, 
803, 1035, 335.0, 62.21, 
804, 365, 333.8, 62.27, 
805, 395, 311.6, 62.32, 
806, -180, 298.9, 62.4, 
807, 380, 291.9, 62.47, 
808, -735, 263.2, 62.56, 
809, 1310, 263.7, 62.59, 
810, 880, 288.1, 62.61, 
811, 365, 278.4, 62.65, 
812, -500, 242.6, 62.77, 
813, 1255, 252.6, 62.79, 
814, 455, 245.7, 62.82, 
815, 1340, 261.7, 62.86, 
816, 1025, 304.2, 62.92, 
817, 1415, 323.5, 62.95, 
818, -5, 317.0, 62.97, 
819, -220, 304.7, 63.03, 
820, 985, 315.5, 63.04, 
821, 585, 310.6, 63.07, 
822, 845, 330.2, 63.08, 
823, 710, 354.3, 63.11, 
824, -105, 342.9, 63.2, 
825, 330, 350.1, 63.25, 
826, 590, 350.3, 63.29, 
827, 1005, 346.1, 63.32, 
828, -600, 347.1, 63.44, 
829, -660, 345.3, 63.56, 
830, -450, 340.1, 63.65, 
831, 585, 334.5, 63.68, 
832, 180, 316.3, 63.75, 
833, 625, 312.3, 63.82, 
834, 745, 341.5, 63.87, 
835, -235, 325.2, 63.96, 
836, 25, 322.3, 64.03, 
837, -500, 325.3, 64.15, 
838, 545, 318.0, 64.19, 
839, 840, 340.5, 64.25, 
840, 100, 332.4, 64.28, 
841, -970, 300.7, 64.4, 
842, -700, 272.9, 64.51, 
843, 740, 280.2, 64.55, 
844, 465, 268.8, 64.6, 
845, 75, 268.2, 64.66, 
846, -305, 256.0, 64.72, 
847, 640, 253.5, 64.75, 
848, 615, 294.0, 64.81, 
849, 570, 321.8, 64.86, 
850, -885, 298.8, 64.97, 
851, 760, 327.8, 65.02, 
852, -560, 303.4, 65.14, 
853, 90, 284.5, 65.19, 
854, 605, 289.3, 65.22, 
855, 370, 288.8, 65.32, 
856, -585, 280.7, 65.42, 
857, 1080, 294.7, 65.45, 
858, -670, 296.0, 65.57, 
859, 925, 288.3, 65.61, 
860, 240, 275.5, 65.67, 
861, 1010, 288.4, 65.69, 
862, -530, 287.8, 65.8, 
863, 390, 270.5, 65.83, 
864, 0, 261.4, 65.92, 
865, 685, 248.3, 65.99, 
866, -125, 225.3, 66.08, 
867, -130, 194.4, 66.19, 
868, -90, 192.7, 66.24, 
869, 1185, 220.8, 66.29, 
870, 300, 207.1, 66.32, 
871, 425, 203.9, 66.34, 
872, 525, 197.5, 66.38, 
873, 775, 198.8, 66.42, 
874, -105, 198.8, 66.52, 
875, 560, 203.4, 66.56, 
876, 645, 204.5, 66.61, 
877, 790, 200.2, 66.63, 
878, -65, 210.9, 66.7, 
879, 490, 233.9, 66.75, 
880, 355, 250.0, 66.83, 
881, -200, 234.3, 66.92, 
882, 1305, 256.8, 66.96, 
883, -800, 228.3, 67.08, 
884, 2670, 266.8, 67.13, 
885, 690, 285.3, 67.17, 
886, 110, 287.0, 67.22, 
887, 0, 297.0, 67.29, 
888, 1020, 306.5, 67.31, 
889, -1230, 265.1, 67.44, 
890, 775, 278.6, 67.47, 
891, 1025, 318.5, 67.5, 
892, 465, 341.8, 67.57, 
893, 215, 331.3, 67.63, 
894, 670, 335.4, 67.69, 
895, -630, 321.3, 67.77, 
896, 505, 337.5, 67.82, 
897, 80, 326.3, 67.87, 
898, 275, 319.5, 67.9, 
899, 810, 324.3, 67.93, 
900, 205, 346.1, 68.0, 
901, 975, 350.4, 68.03, 
902, 450, 370.6, 68.09, 
903, -210, 364.6, 68.2, 
904, 645, 365.4, 68.22, 
905, 860, 375.2, 68.28, 
906, -330, 380.3, 68.4, 
907, -980, 339.1, 68.52, 
908, -625, 340.0, 68.61, 
909, 515, 331.8, 68.64, 
910, 525, 337.5, 68.68, 
911, 470, 326.7, 68.7, 
912, 890, 355.1, 68.75, 
913, 850, 364.3, 68.79, 
914, -150, 361.3, 68.85, 
915, 510, 357.8, 68.9, 
916, 120, 362.7, 68.98, 
917, 555, 376.4, 69.03, 
918, 940, 397.0, 69.08, 
919, 1220, 397.7, 69.12, 
920, 865, 409.0, 69.16, 
921, -250, 395.5, 69.24, 
922, 815, 401.3, 69.27, 
923, 1015, 406.1, 69.3, 
924, 965, 427.5, 69.37, 
925, -260, 411.1, 69.46, 
926, -585, 386.5, 69.51, 
927, 920, 389.1, 69.53, 
928, -750, 375.4, 69.65, 
929, 1525, 396.1, 69.68, 
930, 1145, 411.9, 69.7, 
931, 525, 426.4, 69.75, 
932, 170, 403.7, 69.87, 
933, 0, 419.7, 70.02, 
934, 855, 383.4, 70.04, 
935, 965, 388.9, 70.09, 
936, 960, 405.9, 70.13, 
937, 370, 413.3, 70.16, 
938, 215, 397.2, 70.25, 
939, 995, 441.7, 70.3, 
940, -1220, 401.8, 70.42, 
941, 935, 400.0, 70.43, 
942, 465, 400.0, 70.46, 
943, 1230, 420.3, 70.5, 
944, 410, 415.1, 70.51, 
945, 320, 434.1, 70.55, 
946, -345, 417.1, 70.65, 
947, 1030, 436.1, 70.68, 
948, -1110, 408.4, 70.8, 
949, 1065, 413.5, 70.83, 
950, 10, 409.6, 70.93, 
951, 545, 401.0, 70.98, 
952, 690, 405.8, 71.01, 
953, 110, 412.2, 71.04, 
954, -180, 395.7, 71.12, 
955, -950, 359.5, 71.23, 
956, 1305, 392.2, 71.25, 
957, -800, 395.8, 71.37, 
958, 1035, 429.0, 71.39, 
959, 1075, 440.2, 71.41, 
960, -235, 425.0, 71.52, 
961, 455, 424.7, 71.6, 
962, 345, 413.8, 71.65, 
963, 520, 407.2, 71.67, 
964, 200, 414.2, 71.71, 
965, 965, 423.3, 71.73, 
966, 900, 438.9, 71.77, 
967, 540, 438.6, 71.81, 
968, -120, 417.4, 71.83, 
969, -500, 383.0, 71.95, 
970, 325, 372.2, 71.97, 
971, -120, 374.8, 72.09, 
972, 990, 378.3, 72.14, 
973, -555, 346.9, 72.25, 
974, -65, 326.3, 72.32, 
975, 1020, 351.9, 72.34, 
976, -840, 346.8, 72.46, 
977, 1045, 349.3, 72.48, 
978, -10, 364.1, 72.54, 
979, 360, 340.8, 72.59, 
980, -560, 306.7, 72.66, 
981, 1580, 327.8, 72.68, 
982, 1180, 348.0, 72.69, 
983, 600, 360.0, 72.74, 
984, 435, 351.6, 72.78, 
985, -165, 329.0, 72.86, 
986, 85, 311.5, 72.96, 
987, 1055, 325.2, 72.99, 
988, 950, 339.9, 73.01, 
989, 395, 327.9, 73.07, 
990, -1015, 332.0, 73.18, 
991, -910, 295.1, 73.3, 
992, -1040, 265.0, 73.4, 
993, 1335, 267.1, 73.43, 
994, 530, 269.5, 73.46, 
995, -195, 259.2, 73.53, 
996, 735, 280.8, 73.54, 
997, 595, 272.1, 73.59, 
998, -600, 282.3, 73.71, 
999, 450, 270.0, 73.8, 
1000, 690, 283.6, 73.83, -7370
